<?xml version="1.0" encoding="UTF-8" standalone="yes"?>
<addon id="service.xS.versioncheck" name="xS Version Check" version="1.0.1" provider-name="xS-Team">
  <requires>
    <import addon="script.module.requests" />
    <import addon="script.module.resolveurl" version="5.1.0"/>
    <!-- for remote debug -->
    <import addon="script.module.pydevd" optional="true"/>
  </requires>
  <!--<extension point="xbmc.service" library="service.py" start="startup" />-->
  <extension point="xbmc.python.script" library="service.py">
    <provides>executable</provides>
  </extension>
  <extension point="xbmc.python.module" library="lib" />
  <extension point="xbmc.addon.metadata">
    <description lang="de">
Dieses Addon ist nur für Betatester!
Notwendig sind Benutzername und der dazu passende UpdateKey!
Ohne Benutzername und Key braucht man dies Addon nicht installieren!
    </description>
    <platform>all</platform>
    <language> </language>
    <summary lang="en"> </summary>
    <assets>
      <icon>icon.png</icon>
      <fanart>fanart.jpg</fanart>
      <screenshot>resources/xShip.png</screenshot>
      <screenshot>resources/xStreamV2.png</screenshot>
      <screenshot>resources/mvw.png</screenshot>
    </assets>
    <news>
    </news>
  </extension>
</addon>
