<?xml version="1.0" encoding="UTF-8" standalone="yes"?>
<addon id="repository.xs-home" name="xS-Team Repository" version="1.0" provider-name="xS-Team">
    <extension point="xbmc.addon.repository" name="xS-Team Repository">
        <dir>
            <info compressed="false">https://raw.githubusercontent.com/xs-home/xs-home.github.io/master/zips/addons.xml</info>
            <checksum>https://raw.githubusercontent.com/xs-home/xs-home.github.io/master/zips/addons.xml.md5</checksum>
            <datadir zip="true">https://raw.githubusercontent.com/xs-home/xs-home.github.io/master/zips/</datadir>
        </dir>
    </extension>
    <extension point="xbmc.addon.metadata">
        <summary>XS-Home Repository</summary>
        <description>Repository for the installation of xStreamV2, xShip and more</description>
        <disclaimer></disclaimer>
        <platform>all</platform>
        <assets>
            <icon>icon.png</icon>
            <fanart>fanart.jpg</fanart>
        </assets>
    </extension>
</addon>